Category,Name,Part Number,Qty,Notes,Chosen
Compute, Raspberry Pi 5, RPI5-8GB, 1, UI Brain,
Display, 7" Capacitive Touch, WAVESHARE-7C, 1, HDMI/DSI,
SDR, HackRF One, HACKRF-ONE, 1, Wideband 1MHz–6GHz,
SDR, USRP B200mini, B200MINI, 1, Pro option,
DF, Coherent DF Engine, KRAKEN-5CH, 1, Sub‑GHz AoA,
Analog RX, 5.8GHz RX5808, RX5808-MOD, 1, Analog FPV,
RSSI, AD8318 Module, AD8318-BOARD, 2, 2.4/5.8 heads,
Antenna, 2.4GHz Yagi 23dBi, YAGI-24G-23, 1, Long range,
Antenna, 5.8GHz Grid 27dBi, GRID-58G-27, 1, Long range,
LNA, 2.4GHz LNA Low-NF, LNA-24G, 1, Mount near feed,
Filter, 2.4GHz SAW BPF, SAW-24G, 1, Reduce OOB,
GPS, u-blox USB, NEO-M10-USB, 1, GNSS,
IMU, 9‑axis IMU, ICM-20948, 1, Heading,
Power, 12V LiFePO4, LFP-12V, 1, Field power,
Case, Rugged Enclosure, IP54-CASE, 1, Fieldable,
